Name,Table,Season,Team,Lg,Salary,,
Alaa Abdelnaby,salaries,1990-91,Portland Trail Blazers,NBA,$395000,,
Alaa Abdelnaby,salaries,1991-92,Portland Trail Blazers,NBA,$494000,,
Alaa Abdelnaby,salaries,1992-93,Boston Celtics,NBA,$500000,,
Alaa Abdelnaby,salaries,1993-94,Boston Celtics,NBA,$805000,,
Alaa Abdelnaby,salaries,1994-95,Sacramento Kings,NBA,$650000,,
Name,Table,Season,Team,Lg,Salary,,
Kareem Abdul-Jabbar,salaries,1985-86,Los Angeles Lakers,NBA,$2,30030,0
Kareem Abdul-Jabbar,salaries,1987-88,Los Angeles Lakers,NBA,$2,0,0
Kareem Abdul-Jabbar,salaries,1988-89,Los Angeles Lakers,NBA,$3,0,0
Name,Table,Season,Team,Lg,Salary,,
Mahmoud Abdul-Rauf,salaries,1990-91,Denver Nuggets,NBA,$1,660660,0
Mahmoud Abdul-Rauf,salaries,1991-92,Denver Nuggets,NBA,$2,8008,0
Mahmoud Abdul-Rauf,salaries,1992-93,Denver Nuggets,NBA,$2,358358,0
Mahmoud Abdul-Rauf,salaries,1993-94,Denver Nuggets,NBA,$1,825825,0
Mahmoud Abdul-Rauf,salaries,1994-95,Denver Nuggets,NBA,$2,200200,0
Mahmoud Abdul-Rauf,salaries,1995-96,Denver Nuggets,NBA,$2,600600,0
Mahmoud Abdul-Rauf,salaries,1996-97,Sacramento Kings,NBA,$3,100100,0
Mahmoud Abdul-Rauf,salaries,1997-98,Sacramento Kings,NBA,$3,300300,0
Mahmoud Abdul-Rauf,salaries,2000-01,Vancouver Grizzlies,NBA,$798500,,
Name,Table,Season,Team,Lg,Salary,,
Tariq Abdul-Wahad,salaries,1997-98,Sacramento Kings,NBA,$1,226226,880
Tariq Abdul-Wahad,salaries,1998-99,Sacramento Kings,NBA,$1,411411,0
Tariq Abdul-Wahad,salaries,1999-00,Denver Nuggets,NBA,$1,594594,920
Tariq Abdul-Wahad,salaries,2000-01,Denver Nuggets,NBA,$4,500500,0
Tariq Abdul-Wahad,salaries,2001-02,Denver Nuggets,NBA,$5,62062,500
Tariq Abdul-Wahad,salaries,2002-03,Dallas Mavericks,NBA,$5,625625,0
Tariq Abdul-Wahad,salaries,2003-04,Dallas Mavericks,NBA,$6,187187,500
Tariq Abdul-Wahad,salaries,2004-05,Dallas Mavericks,NBA,$6,750750,0
Tariq Abdul-Wahad,salaries,2005-06,Dallas Mavericks,NBA,$3,656656,250
Tariq Abdul-Wahad,salaries,2006-07,Dallas Mavericks,NBA,$1,968968,750
Name,Table,Season,Team,Lg,Salary,,
Shareef Abdur-Rahim,salaries,1996-97,Vancouver Grizzlies,NBA,$2,186186,0
Shareef Abdur-Rahim,salaries,1999-00,Vancouver Grizzlies,NBA,$9,0,0
Shareef Abdur-Rahim,salaries,2000-01,Vancouver Grizzlies,NBA,$10,130130,0
Shareef Abdur-Rahim,salaries,2001-02,Atlanta Hawks,NBA,$11,250250,0
Shareef Abdur-Rahim,salaries,2002-03,Atlanta Hawks,NBA,$12,375375,0
Shareef Abdur-Rahim,salaries,2003-04,Atlanta Hawks,NBA,$13,500500,0
Shareef Abdur-Rahim,salaries,2004-05,Portland Trail Blazers,NBA,$14,625625,0
Shareef Abdur-Rahim,salaries,2005-06,Sacramento Kings,NBA,$5,0,0
Shareef Abdur-Rahim,salaries,2006-07,Sacramento Kings,NBA,$5,400400,0
Shareef Abdur-Rahim,salaries,2007-08,Sacramento Kings,NBA,$5,800800,0
Shareef Abdur-Rahim,salaries,2009-10,Sacramento Kings,NBA,$6,600600,0
Name,Table,Season,Team,Lg,Salary,,
Alex Acker,salaries,2005-06,Detroit Pistons,NBA,$398762,,
Alex Acker,salaries,2006-07,Detroit Pistons,NBA,$839209,,
Alex Acker,salaries,2008-09,Los Angeles Clippers,NBA,$711517,,
Name,Table,Season,Team,Lg,Salary,,
Mark Acres,salaries,1987-88,Boston Celtics,NBA,$75000,,
Mark Acres,salaries,1988-89,Boston Celtics,NBA,$300000,,
Mark Acres,salaries,1990-91,Orlando Magic,NBA,$437000,,
Mark Acres,salaries,1991-92,Orlando Magic,NBA,$547000,,
Mark Acres,salaries,1992-93,Houston Rockets,NBA,$250000,,
Name,Table,Season,Team,Lg,Salary,,
Quincy Acy,salaries,2012-13,Toronto Raptors,NBA,$665000,,
Quincy Acy,salaries,2013-14,Toronto Raptors,NBA,$788872,,
Quincy Acy,salaries,2014-15,New York Knicks,NBA,$915243,,
Name,Table,Season,Team,Lg,Salary,,
Alvan Adams,salaries,1985-86,Phoenix Suns,NBA,$600000,,
Alvan Adams,salaries,1987-88,Phoenix Suns,NBA,$675000,,
Name,Table,Season,Team,Lg,Salary,,
Hassan Adams,salaries,2006-07,New Jersey Nets,NBA,$412718,,
Hassan Adams,salaries,2008-09,Los Angeles Clippers,NBA,$297163,,
Name,Table,Season,Team,Lg,Salary,,
Jordan Adams,salaries,2014-15,Memphis Grizzlies,NBA,$1,344344,120
Name,Table,Season,Team,Lg,Salary,,
Michael Adams,salaries,1985-86,Sacramento Kings,NBA,$85000,,
Michael Adams,sal,
Michael Adams,salaries,1987-88,Denver Nuggets,NBA,$160000,
Michael Adams,salaries,1988-89,Denver Nuggets,NBA,$375000,
Michael Adams,salaries,1990-91,Denver Nuggets,NBA,$825000,
Michael Adams,salaries,1991-92,Washington Bullets,NBA,$1,309309,000,
Michael Adams,salaries,1992-93,Washington Bullets,NBA,$1,309309,000,
Michael Adams,salaries,1993-94,Washington Bullets,NBA,$1,309309,000,
Michael Adams,salaries,1994-95,Charlotte Hornets,NBA,$1,240240,000,

Name,Table,Season,Team,Lg,Salary,
Steven Adams,salaries,2013-14,Oklahoma City Thunder,NBA,$2,090090,880,
Steven Adams,salaries,2014-15,Oklahoma City Thunder,NBA,$2,184184,960,

Name,Table,Season,Team,Lg,Salary,
Rafael Addison,salaries,1991-92,New Jersey Nets,NBA,$311000,
Rafael Addison,salaries,1992-93,New Jersey Nets,NBA,$522000,
Rafael Addison,salaries,1994-95,Detroit Pistons,NBA,$250000,
Rafael Addison,salaries,1995-96,Charlotte Hornets,NBA,$360000,
Rafael Addison,salaries,1996-97,Charlotte Hornets,NBA,$290000,

Name,Table,Season,Team,Lg,Salary,
Jeff Adrien,salaries,2010-11,Golden State Warriors,NBA,$342666,
Jeff Adrien,salaries,2011-12,Houston Rockets,NBA,$270427,
Jeff Adrien,salaries,2012-13,Charlotte Bobcats,NBA,$804131,
Jeff Adrien,salaries,2013-14,Charlotte Bobcats,NBA,$916099,
Jeff Adrien,salaries,2014-15,Houston Rockets,NBA,$981084,

Name,Table,Season,Team,Lg,Salary,
Arron Afflalo,salaries,2007-08,Detroit Pistons,NBA,$944520,
Arron Afflalo,salaries,2008-09,Detroit Pistons,NBA,$1,015015,440,
Arron Afflalo,salaries,2009-10,Denver Nuggets,NBA,$1,086086,240,
Arron Afflalo,salaries,2010-11,Denver Nuggets,NBA,$1,959959,577,
Arron Afflalo,salaries,2011-12,Denver Nuggets,NBA,$7,562562,500,
Arron Afflalo,salaries,2012-13,Orlando Magic,NBA,$7,750750,000,
Arron Afflalo,salaries,2013-14,Orlando Magic,NBA,$7,312312,500,
Arron Afflalo,salaries,2014-15,Portland Trail Blazers,NBA,$7,750750,000,

Name,Table,Season,Team,Lg,Salary,
Maurice Ager,salaries,2006-07,Dallas Mavericks,NBA,$906480,
Maurice Ager,salaries,2007-08,New Jersey Nets,NBA,$974400,
Maurice Ager,salaries,2008-09,New Jersey Nets,NBA,$1,042042,440,
Maurice Ager,salaries,2010-11,Minnesota Timberwolves,NBA,$83305,

Name,Table,Season,Team,Lg,Salary,
Mark Aguirre,salaries,1985-86,Dallas Mavericks,NBA,$626240,
Mark Aguirre,salaries,1987-88,Dallas Mavericks,NBA,$715700,
Mark Aguirre,salaries,1988-89,Dallas Mavericks,NBA,$715700,
Mark Aguirre,salaries,1990-91,Detroit Pistons,NBA,$1,115115,000,
Mark Aguirre,salaries,1991-92,Detroit Pistons,NBA,$1,232232,000,
Mark Aguirre,salaries,1992-93,Detroit Pistons,NBA,$1,351351,000,
Mark Aguirre,salaries,1993-94,Detroit Pistons,NBA,$1,471471,000,
Mark Aguirre,salaries,1993-94,Los Angeles Clippers,NBA,$150000,

Name,Table,Season,Team,Lg,Salary,
Blake Ahearn,salaries,2008-09,San Antonio Spurs,NBA,$125562,

Name,Table,Season,Team,Lg,Salary,
Danny Ainge,salaries,1985-86,Boston Celtics,NBA,$550000,
Danny Ainge,salaries,1987-88,Boston Celtics,NBA,$625000,
Danny Ainge,salaries,1988-89,Boston Celtics,NBA,$675000,
Danny Ainge,salaries,1990-91,Portland Trail Blazers,NBA,$725000,
Danny Ainge,salaries,1991-92,Portland Trail Blazers,NBA,$725000,
Danny Ainge,salaries,1992-93,Phoenix Suns,NBA,$1,330330,000,
Danny Ainge,salaries,1993-94,Phoenix Suns,NBA,$1,690690,000,
Danny Ainge,salaries,1994-95,Phoenix Suns,NBA,$2,080080,000,

Name,Table,Season,Team,Lg,Salary,
Alexis Ajinca,salaries,2008-09,Charlotte Bobcats,NBA,$1,276276,320,
Alexis Ajinca,salaries,2009-10,Charlotte Bobcats,NBA,$1,372372,080,
Alexis Ajinca,salaries,2010-11,Toronto Raptors,NBA,$1,467467,840,
Alexis Ajinca,salaries,2014-15,New Orleans Pelicans,NBA,$981084,

Name,Table,Season,Team,Lg,Salary,
Josh Akognon,salaries,2013-14,Memphis Grizzlies,NBA,$788872,

Name,Table,Season,Team,Lg,Salary,
Solomon Alabi,salaries,2010-11,Toronto Raptors,NBA,$770000,
Solomon Alabi,salaries,2011-12,Toronto Raptors,NBA,$830000,

Name,Table,Season,Team,Lg,Salary,
Mark Alarie,salaries,1987-88,Washington Bullets,NBA,$232500,
Mark Alarie,salaries,1988-89,Washington Bullets,NBA,$250000,
Mark Alarie,salaries,1990-91,Washington Bullets,NBA,$500000,
Mark Alarie,salaries,1991-92,Washington Bullets,NBA,$550000,

Name,Table,Season,Team,Lg,Salary,
Furkan Aldemir,salaries,2014-15,Philadelphia 76ers,NBA,$3,000000,000,

Name,Table,Season,Team,Lg,Salary,
Cole Aldrich,salaries,2010-11,Oklahoma City Thunder,NBA,$2,126126,520,
Cole Aldrich,salaries,2011-12,Oklahoma City Thunder,NBA,$2,286286,000,
Cole Aldrich,salaries,2012-13,Sacramento Kings,NBA,$2,445445,480,
Cole Aldrich,salaries,2014-15,New York Knicks,NBA,$981084,

Name,Table,Season,Team,Lg,Salary,
LaMarcus Aldridge,salaries,2006-07,Portland Trail Blazers,NBA,$4,027027,320,
LaMarcus Aldridge,salaries,2007-08,Portland Trail Blazers,NBA,$4,329329,360,
LaMarcus Aldridge,salaries,2008-09,Portland Trail Blazers,NBA,$4,631631,400,
LaMarcus Aldridge,salaries,2009-10,Portland Trail Blazers,NBA,$5,844844,827,
LaMarcus Aldridge,salaries,2010-11,Portland Trail Blazers,NBA,$11,244244,000,
LaMarcus Aldridge,salaries,2011-12,Portland Trail Blazers,NBA,$12,372372,000,
LaMarcus Aldridge,salaries,2012-13,Portland Trail Blazers,NBA,$13,500500,000,
LaMarcus Aldridge,salaries,2013-14,Portland Trail Blazers,NBA,$14,128128,000,
LaMarcus Aldridge,salaries,2014-15,Portland Trail Blazers,NBA,$16,006006,000,

Name,Table,Season,Team,Lg,Salary,
Cory Alexander,salaries,1995-96,San Antonio Spurs,NBA,$490000,
Cory Alexander,salaries,1996-97,San Antonio Spurs,NBA,$521000,
Cory Alexander,salaries,1997-98,San Antonio Spurs,NBA,$562380,
Cory Alexander,salaries,1999-00,Denver Nuggets,NBA,$1,980980,000,
Cory Alexander,salaries,2000-01,Denver Nuggets,NBA,$2,160160,000,
Cory Alexander,salaries,2001-02,Denver Nuggets,NBA,$1,995995,741,
Cory Alexander,salaries,2002-03,Denver Nuggets,NBA,$2,149149,259,
Cory Alexander,salaries,2003-04,Denver Nuggets,NBA,$2,302302,778,

Name,Table,Season,Team,Lg,Salary,
Courtney Alexander,salaries,2000-01,Dallas Mavericks,NBA,$1,319319,400,
Courtney Alexander,salaries,2001-02,Washington Wizards,NBA,$1,418418,400,
Courtney Alexander,salaries,2002-03,New Orleans Hornets,NBA,$1,517517,280,
Courtney Alexander,salaries,2003-04,New Orleans Hornets,NBA,$2,168168,193,
Courtney Alexander,salaries,2004-05,Sacramento Kings,NBA,$79029,

Name,Table,Season,Team,Lg,Salary,
Gary Alexander,salaries,1994-95,Cleveland Cavaliers,NBA,$150000,

Name,Table,Season,Team,Lg,Salary,
Joe Alexander,salaries,2008-09,Milwaukee Bucks,NBA,$2,403403,120,
Joe Alexander,salaries,2009-10,Chicago Bulls,NBA,$2,583583,360,
Joe Alexander,salaries,2010-11,New Orleans Hornets,NBA,$90465,

Name,Table,Season,Team,Lg,Salary,
Victor Alexander,salaries,1991-92,Golden State Warriors,NBA,$750000,
Victor Alexander,salaries,1992-93,Golden State Warriors,NBA,$942000,
Victor Alexander,salaries,1993-94,Golden State Warriors,NBA,$1,160160,000,
Victor Alexander,salaries,1994-95,Golden State Warriors,NBA,$1,377377,500,
Victor Alexander,salaries,1995-96,Toronto Raptors,NBA,$1,595595,000,
Victor Alexander,salaries,2001-02,Detroit Pistons,NBA,$653350,

Name,Table,Season,Team,Lg,Salary,
Steve Alford,salaries,1987-88,Dallas Mavericks,NBA,$100000,
Steve Alford,salaries,1988-89,Golden State Warriors,NBA,$150000,
Steve Alford,salaries,1990-91,Dallas Mavericks,NBA,$250000,

Name,Table,Season,Team,Lg,Salary,
Jerome Allen,salaries,1995-96,Minnesota Timberwolves,NBA,$200000,
Jerome Allen,salaries,1996-97,Indiana Pacers,NBA,$247500,
Jerome Allen,salaries,1997-98,Cleveland Cavaliers,NBA,$35000,
Jerome Allen,salaries,1999-00,Milwaukee Bucks,NBA,$510000,

Name,Table,Season,Team,Lg,Salary,
Lavoy Allen,salaries,2011-12,Philadelphia 76ers,NBA,$473604,
Lavoy Allen,salaries,2012-13,Philadelphia 76ers,NBA,$3,000000,000,
Lavoy Allen,salaries,2013-14,Philadelphia 76ers,NBA,$3,060060,000,
Lavoy Allen,salaries,2014-15,Indiana Pacers,NBA,$948163,

Name,Table,Season,Team,Lg,Salary,
Malik Allen,salaries,2001-02,Miami Heat,NBA,$332817,
Malik Allen,salaries,2002-03,Miami Heat,NBA,$512435,
Malik Allen,salaries,2003-04,Miami Heat,NBA,$1,510510,000,
Malik Allen,salaries,2004-05,Miami Heat,NBA,$1,950950,625,
Malik Allen,salaries,2005-06,Chicago Bulls,NBA,$1,670670,000,
Malik Allen,salaries,2006-07,Chicago Bulls,NBA,$1,803803,600,
Malik Allen,salaries,2007-08,Dallas Mavericks,NBA,$998398,
Malik Allen,salaries,2008-09,Milwaukee Bucks,NBA,$1,300300,000,
Malik Allen,salaries,2009-10,Denver Nuggets,NBA,$1,300300,000,
Malik Allen,salaries,2010-11,Orlando Magic,NBA,$1,229229,255,

Name,Table,Season,Team,Lg,Salary,
Ray Allen,salaries,1996-97,Milwaukee Bucks,NBA,$1,785785,000,
Ray Allen,salaries,1997-98,Milwaukee Bucks,NBA,$2,052052,360,
Ray Allen,salaries,1998-99,Milwaukee Bucks,NBA,$2,320320,000,
Ray Allen,salaries,1999-00,Milwaukee Bucks,NBA,$9,000000,000,
Ray Allen,salaries,2000-01,Milwaukee Bucks,NBA,$10,130130,000,
Ray Allen,salaries,2001-02,Milwaukee Bucks,NBA,$11,250250,000,
Ray Allen,salaries,2002-03,Milwaukee Bucks,NBA,$12,375375,000,
Ray Allen,salaries,2003-04,Seattle SuperSonics,NBA,$13,500500,000,
Ray Allen,salaries,2004-05,Seattle SuperSonics,NBA,$14,625625,000,
Ray Allen,salaries,2005-06,Seattle SuperSonics,NBA,$13,223223,140,
Ray Allen,salaries,2006-07,Seattle SuperSonics,NBA,$14,611611,570,
Ray Allen,salaries,2007-08,Boston Celtics,NBA,$16,000000,000,
Ray Allen,salaries,2008-09,Boston Celtics,NBA,$18,388388,430,
Ray Allen,salaries,2009-10,Boston Celtics,NBA,$18,776776,860,
Ray Allen,salaries,2010-11,Boston Celtics,NBA,$10,000000,000,
Ray Allen,salaries,2011-12,Boston Celtics,NBA,$10,000000,000,
Ray Allen,salaries,2012-13,Miami Heat,NBA,$3,090090,000,
Ray Allen,salaries,2013-14,Miami Heat,NBA,$3,229229,050,

Name,Table,Season,Team,Lg,Salary,
Tony Allen,salaries,2004-05,Boston Celtics,NBA,$901920,
Tony Allen,salaries,2005-06,Boston Celtics,NBA,$969696,
Tony Allen,salaries,2006-07,Boston Celtics,NBA,$1,037037,280,
Tony Allen,salaries,2007-08,Boston Celtics,NBA,$1,868868,141,
Tony Allen,salaries,2008-09,Boston Celtics,NBA,$2,500500,000,
Tony Allen,salaries,2009-10,Boston Celtics,NBA,$2,500500,000,
Tony Allen,salaries,2010-11,Memphis Grizzlies,NBA,$3,000000,000,
Tony Allen,salaries,2011-12,Memphis Grizzlies,NBA,$3,150150,000,
Tony Allen,salaries,2012-13,Memphis Grizzlies,NBA,$3,300300,000,
Tony Allen,salaries,2013-14,Memphis Grizzlies,NBA,$4,494494,382,
Tony Allen,salaries,2014-15,Memphis Grizzlies,NBA,$4,831831,461,

Name,Table,Season,Team,Lg,Salary,
Morris Almond,salaries,2007-08,Utah Jazz,NBA,$1,005005,960,
Morris Almond,salaries,2008-09,Utah Jazz,NBA,$1,081081,440,

Name,Table,Season,Team,Lg,Salary,
Derrick Alston,salaries,1994-95,Philadelphia 76ers,NBA,$150000,
Derrick Alston,salaries,1995-96,Philadelphia 76ers,NBA,$350000,

Name,Table,Season,Team,Lg,Salary,
Rafer Alston,salaries,1999-00,Milwaukee Bucks,NBA,$301875,
Rafer Alston,salaries,2000-01,Milwaukee Bucks,NBA,$423500,
Rafer Alston,salaries,2001-02,Milwaukee Bucks,NBA,$625000,
Rafer Alston,salaries,2002-03,Toronto Raptors,NBA,$37344,
Rafer Alston,salaries,2003-04,Miami Heat,NBA,$688679,
Rafer Alston,salaries,2004-05,Toronto Raptors,NBA,$3,500500,000,
Rafer Alston,salaries,2005-06,Houston Rockets,NBA,$3,850850,000,
Rafer Alston,salaries,2006-07,Houston Rockets,NBA,$4,200200,000,
Rafer Alston,salaries,2007-08,Houston Rockets,NBA,$4,550550,000,
Rafer Alston,salaries,2008-09,Orlando Magic,NBA,$4,900900,000,
Rafer Alston,salaries,2009-10,New Jersey Nets,NBA,$4,300300,000,
Rafer Alston,salaries,2009-10,Miami Heat,NBA,$753133,

Name,Table,Season,Team,Lg,Salary,
John Amaechi,salaries,1995-96,Cleveland Cavaliers,NBA,$200000,
John Amaechi,salaries,1999-00,Orlando Magic,NBA,$385000,
John Amaechi,salaries,2000-01,Orlando Magic,NBA,$600000,
John Amaechi,salaries,2001-02,Utah Jazz,NBA,$2,175175,000,
John Amaechi,salaries,2002-03,Utah Jazz,NBA,$2,392392,500,
John Amaechi,salaries,2003-04,New York Knicks,NBA,$2,610610,000,
John Amaechi,salaries,2004-05,New York Knicks,NBA,$1,200200,000,

Name,Table,Season,Team,Lg,Salary,
Ashraf Amaya,salaries,1995-96,Vancouver Grizzlies,NBA,$225000,
Ashraf Amaya,salaries,1996-97,Washington Bullets,NBA,$247500,

Name,Table,Season,Team,Lg,Salary,
Al-Farouq Aminu,salaries,2010-11,Los Angeles Clippers,NBA,$2,563563,320,
Al-Farouq Aminu,salaries,2011-12,New Orleans Hornets,NBA,$2,755755,560,
Al-Farouq Aminu,salaries,2012-13,New Orleans Hornets,NBA,$2,947947,800,
Al-Farouq Aminu,sala13-14,New Orleans Pelicans,NBA,$3,700700,0
Al-Farouq Aminu,salaries,2014-15,Dallas Mavericks,NBA,$981084,,
Name,Table,Season,Team,Lg,Salary,,
Lou Amundson,salaries,2006-07,Philadelphia 76ers,NBA,$105696,,
Lou Amundson,salaries,2006-07,Sacramento Kings,NBA,$75000,,
Lou Amundson,salaries,2006-07,Utah Jazz,NBA,$35232,,
Lou Amundson,salaries,2007-08,Philadelphia 76ers,NBA,$687456,,
Lou Amundson,salaries,2008-09,Phoenix Suns,NBA,$797581,,
Lou Amundson,salaries,2009-10,Phoenix Suns,NBA,$855189,,
Lou Amundson,salaries,2010-11,Golden State Warriors,NBA,$2,225225,0
Lou Amundson,salaries,2011-12,Indiana Pacers,NBA,$2,403403,0
Lou Amundson,salaries,2012-13,Minnesota Timberwolves,NBA,$1,69069,509
Lou Amundson,salaries,2014-15,New York Knicks,NBA,$409167,,
Name,Table,Season,Team,Lg,Salary,,
Chris Andersen,salaries,2001-02,Denver Nuggets,NBA,$288171,,
Chris Andersen,salaries,2002-03,Denver Nuggets,NBA,$512435,,
Chris Andersen,salaries,2003-04,Denver Nuggets,NBA,$638679,,
Chris Andersen,salaries,2004-05,New Orleans Hornets,NBA,$1,600600,0
Chris Andersen,salaries,2005-06,New Orleans/Oklahoma City Hornets,NBA,$3,500500,0
Chris Andersen,salaries,2008-09,Denver Nuggets,NBA,$998398,,
Chris Andersen,salaries,2009-10,Denver Nuggets,NBA,$3,650650,0
Chris Andersen,salaries,2010-11,Denver Nuggets,NBA,$4,533533,300
Chris Andersen,salaries,2011-12,Denver Nuggets,NBA,$4,234234,0
Chris Andersen,salaries,2012-13,Denver Nuggets,NBA,$4,526526,0
Chris Andersen,salaries,2012-13,Miami Heat,NBA,$699952,,
Chris Andersen,salaries,2013-14,Miami Heat,NBA,$1,399399,507
Chris Andersen,salaries,2014-15,Miami Heat,NBA,$5,375375,0
Name,Table,Season,Team,Lg,Salary,,
David Andersen,salaries,2009-10,Houston Rockets,NBA,$2,300300,0
David Andersen,salaries,2010-11,New Orleans Hornets,NBA,$2,500500,0
Name,Table,Season,Team,Lg,Salary,,
Alan Anderson,salaries,2005-06,Charlotte Bobcats,NBA,$398762,,
Alan Anderson,salaries,2006-07,Charlotte Bobcats,NBA,$102131,,
Alan Anderson,salaries,2012-13,Toronto Raptors,NBA,$885120,,
Alan Anderson,salaries,2013-14,Brooklyn Nets,NBA,$947907,,
Alan Anderson,salaries,2014-15,Brooklyn Nets,NBA,$1,276276,61
Name,Table,Season,Team,Lg,Salary,,
Derek Anderson,salaries,1997-98,Cleveland Cavaliers,NBA,$1,107107,240
Derek Anderson,salaries,1998-99,Cleveland Cavaliers,NBA,$1,273273,0
Derek Anderson,salaries,1999-00,Los Angeles Clippers,NBA,$1,439439,400
Derek Anderson,salaries,2000-01,San Antonio Spurs,NBA,$2,250250,0
Derek Anderson,salaries,2001-02,Portland Trail Blazers,NBA,$6,495495,0
Derek Anderson,salaries,2002-03,Portland Trail Blazers,NBA,$7,144144,500
Derek Anderson,salaries,2003-04,Portland Trail Blazers,NBA,$7,794794,0
Derek Anderson,salaries,2004-05,Portland Trail Blazers,NBA,$8,443443,500
Derek Anderson,salaries,2005-06,Portland Trail Blazers,NBA,$9,93093,0
Derek Anderson,salaries,2005-06,Houston Rockets,NBA,$1,670670,0
Derek Anderson,salaries,2006-07,Portland Trail Blazers,NBA,$9,742742,500
Derek Anderson,salaries,2006-07,Charlotte Bobcats,NBA,$901397,,
Derek Anderson,salaries,2006-07,Miami Heat,NBA,$400000,,
Derek Anderson,salaries,2007-08,Charlotte Bobcats,NBA,$1,219219,590
Name,Table,Season,Team,Lg,Salary,,
Eric Anderson,salaries,1992-93,New York Knicks,NBA,$140000,,
Eric Anderson,salaries,1993-94,New York Knicks,NBA,$250000,,
Name,Table,Season,Team,Lg,Salary,,
Greg Anderson,salaries,1987-88,San Antonio Spurs,NBA,$185000,,
Greg Anderson,salaries,1988-89,San Antonio Spurs,NBA,$200000,,
Greg Anderson,salaries,1990-91,Denver Nuggets,NBA,$1,365365,0
Greg Anderson,salaries,1991-92,Denver Nuggets,NBA,$1,465465,0
Greg Anderson,salaries,1993-94,Detroit Pistons,NBA,$650000,,
Greg Anderson,salaries,1994-95,Detroit Pistons,NBA,$400000,,
Greg Anderson,salaries,1994-95,Atlanta Hawks,NBA,$110000,,
Greg Anderson,salaries,1995-96,San Antonio Spurs,NBA,$485000,,
Greg Anderson,salaries,1996-97,San Antonio Spurs,NBA,$584000,,
Greg Anderson,salaries,1997-98,Atlanta Hawks,NBA,$272250,,
Name,Table,Season,Team,Lg,Salary,,
James Anderson,salaries,2010-11,San Antonio Spurs,NBA,$1,361361,400
James Anderson,salaries,2011-12,San Antonio Spurs,NBA,$1,463463,520
James Anderson,salaries,2012-13,Houston Rockets,NBA,$472427,,
James Anderson,salaries,2012-13,San Antonio Spurs,NBA,$145749,,
James Anderson,salaries,2013-14,Philadelphia 76ers,NBA,$916099,,
Name,Table,Season,Team,Lg,Salary,,
Kenny Anderson,salaries,1991-92,New Jersey Nets,NBA,$1,828828,0
Kenny Anderson,salaries,1992-93,New Jersey Nets,NBA,$2,376376,0
Kenny Anderson,salaries,1993-94,New Jersey Nets,NBA,$2,925925,0
Kenny Anderson,salaries,1994-95,New Jersey Nets,NBA,$3,463463,200
Kenny Anderson,salaries,1995-96,New Jersey Nets,NBA,$3,898898,0
Kenny Anderson,salaries,1996-97,Portland Trail Blazers,NBA,$4,175175,0
Kenny Anderson,salaries,1997-98,Portland Trail Blazers,NBA,$5,10010,0
Kenny Anderson,salaries,1998-99,Boston Celtics,NBA,$5,845845,0
Kenny Anderson,salaries,1999-00,Boston Celtics,NBA,$6,680680,0
Kenny Anderson,salaries,2000-01,Boston Celtics,NBA,$7,520520,0
Kenny Anderson,salaries,2001-02,Boston Celtics,NBA,$8,350350,0
Kenny Anderson,salaries,2002-03,Seattle SuperSonics,NBA,$9,185185,0
Kenny Anderson,salaries,2003-04,Indiana Pacers,NBA,$1,70070,0
Kenny Anderson,salaries,2004-05,Atlanta Hawks,NBA,$1,100100,0
Name,Table,Season,Team,Lg,Salary,,
Kyle Anderson,salaries,2014-15,San Antonio Spurs,NBA,$1,93093,680
Name,Table,Season,Team,Lg,Salary,,
Nick Anderson,salaries,1990-91,Orlando Magic,NBA,$725000,,
Nick Anderson,salaries,1991-92,Orlando Magic,NBA,$750000,,
Nick Anderson,salaries,1992-93,Orlando Magic,NBA,$800000,,
Nick Anderson,salaries,1993-94,Orlando Magic,NBA,$2,670670,0
Nick Anderson,salaries,1994-95,Orlando Magic,NBA,$3,90090,0
Nick Anderson,salaries,1995-96,Orlando Magic,NBA,$3,200200,0
Nick Anderson,salaries,1996-97,Orlando Magic,NBA,$3,790790,0
Nick Anderson,salaries,1997-98,Orlando Magic,NBA,$4,0,0
Nick Anderson,salaries,1998-99,Orlando Magic,NBA,$3,200200,0
Nick Anderson,salaries,1999-00,Sacramento Kings,NBA,$5,51051,906
Nick Anderson,salaries,2000-01,Sacramento Kings,NBA,$3,750750,0
Nick Anderson,salaries,2001-02,Memphis Grizzlies,NBA,$5,401401,906
Nick Anderson,salaries,2002-03,Cleveland Cavaliers,NBA,$6,101101,906
Name,Table,Season,Team,Lg,Salary,,
Richard Anderson,salaries,1987-88,Portland Trail Blazers,NBA,$150000,,
Richard Anderson,salaries,1988-89,Portland Trail Blazers,NBA,$375000,,
Name,Table,Season,Team,Lg,Salary,,
Ron Anderson,salaries,1985-86,Cleveland Cavaliers,NBA,$115000,,
Ron Anderson,salaries,1987-88,Indiana Pacers,NBA,$200000,,
Ron Anderson,salaries,1988-89,Philadelphia 76ers,NBA,$300000,,
Ron Anderson,salaries,1990-91,Philadelphia 76ers,NBA,$425000,,
Ron Anderson,salaries,1991-92,Philadelphia 76ers,NBA,$1,0,0
Ron Anderson,salaries,1992-93,Philadelphia 76ers,NBA,$950000,,
Ron Anderson,salaries,1993-94,Philadelphia 76ers,NBA,$300000,,
Name,Table,Season,Team,Lg,Salary,,
Ryan Anderson,salaries,2008-09,New Jersey Nets,NBA,$1,225225,200
Ryan Anderson,salaries,2009-10,Orlando Magic,NBA,$1,317317,120
Ryan Anderson,salaries,2010-11,Orlando Magic,NBA,$1,409409,40
Ryan Anderson,salaries,2011-12,Orlando Magic,NBA,$2,244244,601
Ryan Anderson,salaries,2012-13,New Orleans Hornets,NBA,$8,700700,0
Ryan Anderson,salaries,2013-14,New Orleans Pelicans,NBA,$8,308308,500
Ryan Anderson,salaries,2014-15,New Orleans Pelicans,NBA,$8,491491,500
Name,Table,Season,Team,Lg,Salary,,
Shandon Anderson,salaries,1996-97,Utah Jazz,NBA,$220000,,
Shandon Anderson,salaries,1997-98,Utah Jazz,NBA,$1,200200,0
Shandon Anderson,salaries,1998-99,Utah Jazz,NBA,$1,300300,0
Shandon Anderson,salaries,1999-00,Houston Rockets,NBA,$2,0,0
Shandon Anderson,salaries,2000-01,Houston Rockets,NBA,$2,200200,0
Shandon Anderson,salaries,2001-02,New York Knicks,NBA,$5,500500,0
Shandon Anderson,salaries,2002-03,New York Knicks,NBA,$6,100100,0
Shandon Anderson,salaries,2003-04,New York Knicks,NBA,$6,700700,0
Shandon Anderson,salaries,2004-05,New York Knicks,NBA,$7,300300,0
Shandon Anderson,salaries,2004-05,Miami Heat,NBA,$873699,,
Shandon Anderson,salaries,2005-06,New York Knicks,NBA,$7,900900,0
Shandon Anderson,salaries,2005-06,Miami Heat,NBA,$1,35035,0
Shandon Anderson,salaries,2006-07,New York Knicks,NBA,$7,244244,726
Name,Table,Season,Team,Lg,Salary,,
Willie Anderson,salaries,1988-89,San Antonio Spurs,NBA,$500000,,
Willie Anderson,salaries,1990-91,San Antonio Spurs,NBA,$725000,,
Willie Anderson,salaries,1991-92,San Antonio Spurs,NBA,$775000,,
Willie Anderson,salaries,1992-93,San Antonio Spurs,NBA,$2,75075,0
Willie Anderson,salaries,1993-94,San Antonio Spurs,NBA,$2,75075,0
Willie Anderson,salaries,1994-95,San Antonio Spurs,NBA,$2,75075,0
Willie Anderson,salaries,1999-00,Miami Heat,NBA,$510000,,
Name,Table,Season,Team,Lg,Salary,,
Martynas Andriuskevicius,salaries,2005-06,Cleveland Cavaliers,NBA,$398762,,
Martynas Andriuskevicius,salaries,2006-07,Chicago Bulls,NBA,$664209,,
Name,Table,Season,Team,Lg,Salary,,
Michael Ansley,salaries,1990-91,Orlando Magic,NBA,$200000,,
Name,Table,Season,Team,Lg,Salary,,
Chris Anstey,salaries,1997-98,Dallas Mavericks,NBA,$713900,,
Chris Anstey,salaries,1998-99,Dallas Mavericks,NBA,$985200,,
Chris Anstey,salaries,1999-00,Chicago Bulls,NBA,$1,113113,720
Name,Table,Season,Team,Lg,Salary,,
Giannis Antetokounmpo,salaries,2013-14,Milwaukee Bucks,NBA,$1,792792,560
Giannis Antetokounmpo,salaries,2014-15,Milwaukee Bucks,NBA,$1,873873,200
Name,Table,Season,Team,Lg,Salary,,
Carmelo Anthony,salaries,2003-04,Denver Nuggets,NBA,$3,229229,200
Carmelo Anthony,salaries,2004-05,Denver Nuggets,NBA,$3,471471,360
Carmelo Anthony,salaries,2005-06,Denver Nuggets,NBA,$3,713713,640
Carmelo Anthony,salaries,2006-07,Denver Nuggets,NBA,$4,694694,41
Carmelo Anthony,salaries,2007-08,Denver Nuggets,NBA,$13,41041,250
Carmelo Anthony,salaries,2008-09,Denver Nuggets,NBA,$14,410410,581
Carmelo Anthony,salaries,2009-10,Denver Nuggets,NBA,$15,779779,912
Carmelo Anthony,salaries,2010-11,New York Knicks,NBA,$17,149149,243
Carmelo Anthony,salaries,2011-12,New York Knicks,NBA,$18,518518,574
Carmelo Anthony,salaries,2012-13,New York Knicks,NBA,$19,450450,0
Carmelo Anthony,salaries,2013-14,New York Knicks,NBA,$22,407407,474
Carmelo Anthony,salaries,2014-15,New York Knicks,NBA,$22,458458,0
Name,Table,Season,Team,Lg,Salary,,
Greg Anthony,salaries,1991-92,New York Knicks,NBA,$865000,,
Greg Anthony,salaries,1992-93,New York Knicks,NBA,$1,67067,0
Greg Anthony,salaries,1993-94,New York Knicks,NBA,$1,269269,0
Greg Anthony,salaries,1994-95,New York Knicks,NBA,$1,471471,0
Greg Anthony,salaries,1995-96,Vancouver Grizzlies,NBA,$1,673673,0
Greg Anthony,salaries,1996-97,Vancouver Grizzlies,NBA,$1,875875,0
Greg Anthony,salaries,1997-98,Seattle SuperSonics,NBA,$272250,,
Greg Anthony,salaries,1998-99,Portland Trail Blazers,NBA,$1,0,0
Greg Anthony,salaries,1999-00,Portland Trail Blazers,NBA,$1,100100,0
Greg Anthony,salaries,2000-01,Portland Trail Blazers,NBA,$3,500500,0
Greg Anthony,salaries,2001-02,Chicago Bulls,NBA,$3,0,0
Greg Anthony,salaries,2002-03,Chicago Bulls,NBA,$1,500500,0
Name,Table,Season,Team,Lg,Salary,,
Joel Anthony,salaries,2007-08,Miami Heat,NBA,$427163,,
Joel Anthony,salaries,2008-09,Miami Heat,NBA,$711517,,
Joel Anthony,salaries,2009-10,Miami Heat,NBA,$825497,,
Joel Anthony,salaries,2010-11,Miami Heat,NBA,$3,300300,0
Joel Anthony,salaries,2011-12,Miami Heat,NBA,$3,600600,0
Joel Anthony,salaries,2012-13,Miami Heat,NBA,$3,750750,0
Joel Anthony,salaries,2013-14,Miami Heat,NBA,$3,800800,0
Joel Anthony,salaries,2014-15,Detroit Pistons,NBA,$3,800800,0
Name,Table,Season,Team,Lg,Salary,,
Pero Antic,salaries,2014-15,Atlanta Hawks,NBA,$1,250250,0
Name,Table,Season,Team,Lg,Salary,,
Rafael Araujo,salaries,2004-05,Toronto Raptors,NBA,$2,82082,720
Rafael Araujo,salaries,2005-06,Toronto Raptors,NBA,$2,238238,960
Rafael Araujo,salaries,2006-07,Utah Jazz,NBA,$2,395395,200
Name,Table,Season,Team,Lg,Salary,,
Robert Archibald,salaries,2002-03,Memphis Grizzlies,NBA,$349458,,
Robert Archibald,salaries,2003-04,Orlando Magic,NBA,$563679,,
Name,Table,Season,Team,Lg,Salary,,
Gilbert Arenas,salaries,2001-02,Golden State Warriors,NBA,$332817,,
Gilbert Arenas,salaries,2002-03,Golden State Warriors,NBA,$512435,,
Gilbert Arenas,salaries,2003-04,Washington Wizards,NBA,$8,536536,0
Gilbert Arenas,salaries,2004-05,Washington Wizards,NBA,$9,389389,600
Gilbert Arenas,salaries,2005-06,Washington Wizards,NBA,$10,243243,200
Gilbert Arenas,salaries,2006-07,Washington Wizards,NBA,$11,96096,800
Gilbert Arenas,salaries,2007-08,Washington Wizards,NBA,$11,950950,400
Gilbert Arenas,salaries,2008-09,Washington Wizards,NBA,$14,653653,466
Gilbert Arenas,salaries,2009-10,Washington Wizards,NBA,$16,192192,80
Gilbert Arenas,salaries,2010-11,Orlando Magic,NBA,$17,730730,694
Gilbert Arenas,salaries,2011-12,Orlando Magic,NBA,$19,269269,307
Gilbert Arenas,salaries,2012-13,Orlando Magic,NBA,$20,807807,922
Name,Table,Season,Team,Lg,Salary,,
Trevor Ariza,salaries,2004-05,New York Knicks,NBA,$385277,,
Trevor Ariza,salaries,2005-06,New York Knicks,NBA,$682051,,
Trevor Ariza,salaries,2006-07,Orlando Magic,NBA,$3,100100,0
Trevor Ariza,salaries,2007-08,Los Angeles Lakers,NBA,$3,100100,0
Trevor Ariza,salaries,2008-09,Los Angeles Lakers,NBA,$3,100100,0
Trevor Ariza,salaries,2009-10,Houston Rockets,NBA,$5,854854,0
Trevor Ariza,salaries,2010-11,New Orleans Hornets,NBA,$6,322322,320
Trevor Ariza,salaries,2011-12,New Orleans Hornets,NBA,$6,790790,640
Trevor Ariza,salaries,2012-13,Washington Wizards,NBA,$7,258258,960
Trevor Ariza,salaries,2013-14,Washington Wizards,NBA,$7,727727,280
Trevor Ariza,salaries,2014-15,Houston Rockets,NBA,$8,579579,89
Name,Table,Season,Team,Lg,Salary,,
B.J. Armstrong,salaries,1990-91,Chicago Bulls,NBA,$425000,,
B.J. Armstrong,salaries,1991-92,Chicago Bulls,NBA,$435000,,
B.J. Armstrong,salaries,1992-93,Chicago Bulls,NBA,$540000,,
B.J. Armstrong,salaries,1993-94,Chicago Bulls,NBA,$620000,,
B.J. Armstrong,salaries,1994-95,Chicago Bulls,NBA,$2,800800,0
B.J. Armstrong,salaries,1995-96,Golden State Warriors,NBA,$2,400400,0
B.J. Armstrong,salaries,1996-97,Golden State Warriors,NBA,$2,400400,0
B.J. Armstrong,salaries,1997-98,Golden State Warriors,NBA,$2,600600,0
B.J. Armstrong,salaries,1998-99,Los Angeles Lakers,NBA,$2,800800,0
B.J. Armstrong,salaries,1998-99,Orlando Magic,NBA,$850000,,
B.J. Armstrong,salaries,1999-00,Chicago Bulls,NBA,$510000,,
Name,Table,Season,Team,Lg,Salary,,
Brandon Armstrong,salaries,2001-02,New Jersey Nets,NBA,$865800,,
Brandon Armstrong,salaries,2002-03,New Jersey Nets,NBA,$930720,,
Brandon Armstrong,salaries,2003-04,New Jersey Nets,NBA,$995650,,
Name,Table,Season,Team,Lg,Salary,,
Darrell Armstrong,salaries,1995-96,Orlando Magic,NBA,$350000,,
Darrell Armstrong,salaries,1996-97,Orlando Magic,NBA,$410000,,
Darrell Armstrong,salaries,1997-98,Orlando Magic,NBA,$350000,,
Darrell Armstrong,salaries,1998-99,Orlando Magic,NBA,$2,900900,0
Darrell Armstrong,salaries,1999-00,Orlando Magic,NBA,$4,125125,0
Darrell Armstrong,salaries,2000-01,Orlando Magic,NBA,$3,100100,0
Darrell Armstrong,salaries,2001-02,Orlando Magic,NBA,$4,5005,0
Darrell Armstrong,salaries,2002-03,Orlando Magic,NBA,$4,10010,0
Darrell Armstrong,salaries,2003-04,New Orleans Hornets,NBA,$2,475475,0
Darrell Armstrong,salaries,2004-05,Dallas Mavericks,NBA,$2,275275,0
Darrell Armstrong,salaries,2005-06,Dallas Mavericks,NBA,$1,138138,500
Darrell Armstrong,salaries,2006-07,Indiana Pacers,NBA,$1,178178,348
Darrell Armstrong,salaries,2007-08,New Jersey Nets,NBA,$1,219219,590
Name,Table,Season,Team,Lg,Salary,,
Hilton Armstrong,salaries,2006-07,New Orleans/Oklahoma City Hornets,NBA,$1,767767,600
Hilton Armstrong,salaries,2007-08,New Orleans Hornets,NBA,$1,900900,200
Hilton Armstrong,salaries,2008-09,New Orleans Hornets,NBA,$2,32032,800
Hilton Armstrong,salaries,2009-10,Houston Rockets,NBA,$2,801801,198
Hilton Armstrong,salaries,2010-11,Atlanta Hawks,NBA,$992680,,
Name,Table,Season,Team,Lg,Salary,,
Carlos Arroyo,salaries,2001-02,Toronto Raptors,NBA,$332817,,
Carlos Arroyo,salaries,2002-03,Utah Jazz,NBA,$546000,,
Carlos Arroyo,salaries,2003-04,Utah Jazz,NBA,$800000,,
Carlos Arroyo,salaries,2004-05,Utah Jazz,NBA,$4,0,0
Carlos Arroyo,salaries,2005-06,Detroit Pistons,NBA,$4,0,0
Carlos Arroyo,salaries,2006-07,Orlando Magic,NBA,$4,100100,0
Carlos Arroyo,salaries,2007-08,Orlando Magic,NBA,$4,100100,0
Carlos Arroyo,salaries,2009-10,Miami Heat,NBA,$1,107107,572
Carlos Arroyo,salaries,2010-11,Miami Heat,NBA,$1,223223,166
Name,Table,Season,Team,Lg,Salary,,
Darrell Arthur,salaries,2008-09,Memphis Grizzlies,NBA,$977160,,
Darrell Arthur,salaries,2009-10,Memphis Grizzlies,NBA,$1,50050,480
Darrell Arthur,salaries,2010-11,Memphis Grizzlies,NBA,$1,123123,680
Darrell Arthur,salaries,2011-12,Memphis Grizzlies,NBA,$2,27027,119
Darrell Arthur,salaries,2012-13,Memphis Grizzlies,NBA,$3,6006,217
Darrell Arthur,salaries,2013-14,Denver Nuggets,NBA,$3,231231,683
Darrell Arthur,salaries,2014-15,Denver Nuggets,NBA,$3,457457,149
Name,Table,Season,Team,Lg,Salary,,
Omer Asik,salaries,2010-11,Chicago Bulls,NBA,$1,721721,0
Omer Asik,salaries,2011-12,Chicago Bulls,NBA,$1,857857,500
Omer Asik,salaries,2012-13,Houston Rockets,NBA,$8,374374,646
Omer Asik,salaries,2013-14,Houston Rockets,NBA,$8,374374,646
Omer Asik,salaries,2014-15,New Orleans Pelicans,NBA,$8,374374,646
Name,Table,Season,Team,Lg,Salary,,
Vincent Askew,salaries,1991-92,Golden State Warriors,NBA,$135000,,
Vincent Askew,salaries,1992-93,Seattle SuperSonics,NBA,$180000,,
Vincent Askew,salaries,1994-95,Seattle SuperSonics,NBA,$1,460460,0
Vincent Askew,salaries,1995-96,Seattle SuperSonics,NBA,$1,810810,0
Vincent Askew,salaries,1996-97,Indiana Pacers,NBA,$2,0,0
Vincent Askew,salaries,1997-98,Portland Trail Blazers,NBA,$272250,,
Name,Table,Season,Team,Lg,Salary,,
Keith Askins,salaries,1990-91,Miami Heat,NBA,$150000,,
Keith Askins,salaries,1991-92,Miami Heat,NBA,$202000,,
Keith Askins,salaries,1992-93,Miami Heat,NBA,$250000,,
Keith Askins,salaries,1993-94,Miami Heat,NBA,$313000,,
Keith Askins,salaries,1994-95,Miami Heat,NBA,$406000,,
Keith Askins,salaries,1995-96,Miami Heat,NBA,$550000,,
Keith Askins,salaries,1996-97,Miami Heat,NBA,$650000,,
Keith Askins,salaries,1997-98,Miami Heat,NBA,$750000,,
Keith Askins,salaries,1998-99,Miami Heat,NBA,$725000,,
Keith Askins,salaries,1999-00,Miami Heat,NBA,$1,752752,400
Name,Table,Season,Team,Lg,Salary,,
Chucky Atkins,salaries,1999-00,Orlando Magic,NBA,$385000,,
Chucky Atkins,salaries,2000-01,Detroit Pistons,NBA,$3,0,0
Chucky Atkins,salaries,2001-02,Detroit Pistons,NBA,$3,300300,0
Chucky Atkins,salaries,2002-03,Detroit Pistons,NBA,$3,600600,0
Chucky Atkins,salaries,2003-04,Detroit Pistons,NBA,$3,900900,0
Chucky Atkins,salaries,2004-05,Los Angeles Lakers,NBA,$4,200200,0
Chucky Atkins,salaries,2005-06,Washington Wizards,NBA,$4,500500,0
Chucky Atkins,salaries,2006-07,Memphis Grizzlies,NBA,$3,0,0
Chucky Atkins,salaries,2007-08,Denver Nuggets,NBA,$3,0,0
Chucky Atkins,salaries,2008-09,Oklahoma City Thunder,NBA,$3,240240,0
Chucky Atkins,salaries,2009-10,Detroit Pistons,NBA,$1,306306,455
Chucky Atkins,salaries,2009-10,Minnesota Timberwolves,NBA,$760000,,
Name,Table,Season,Team,Lg,Salary,,
Stacey Augmon,salaries,1991-92,Atlanta Hawks,NBA,$875000,,
Stacey Augmon,salaries,1992-93,Atlanta Hawks,NBA,$1,138138,0
Stacey Augmon,salaries,1993-94,Atlanta Hawks,NBA,$1,400400,0
Stacey Augmon,salaries,1994-95,Atlanta Hawks,NBA,$1,662662,500
Stacey Augmon,salaries,1995-96,Atlanta Hawks,NBA,$2,160160,0
Stacey Augmon,salaries,1996-97,Detroit Pistons,NBA,$2,480480,0
Stacey Augmon,salaries,1997-98,Portland Trail Blazers,NBA,$2,800800,0
Stacey Augmon,salaries,1998-99,Portland Trail Blazers,NBA,$3,200200,0
Stacey Augmon,salaries,1999-00,Houston Rockets,NBA,$3,450450,0
Stacey Augmon,salaries,1999-00,Portland Trail Blazers,NBA,$510000,,
Stacey Augmon,salaries,2000-01,Portland Trail Blazers,NBA,$923500,,
Stacey Augmon,salaries,2001-02,Charlotte Hornets,NBA,$2,400400,0
Stacey Augmon,salaries,2002-03,New Orleans Hornets,NBA,$2,400400,0
Stacey Augmon,salaries,2003-04,New Orleans Hornets,NBA,$2,400400,0
Stacey Augmon,salaries,2004-05,Orlando Magic,NBA,$1,100100,0
Stacey Augmon,salaries,2005-06,Orlando Magic,NBA,$1,138138,500
Name,Table,Season,Team,Lg,Salary,,
D.J. Augustin,salaries,2008-09,Charlotte Bobcats,NBA,$2,208208,960
D.J. Augustin,salaries,2009-10,Charlotte Bobcats,NBA,$2,385385,480
D.J. Augustin,salaries,2010-11,Charlotte Bobcats,NBA,$2,540540,400
D.J. Augustin,salaries,2011-12,Charlotte Bobcats,NBA,$3,236236,470
D.J. Augustin,salaries,2012-13,Indiana Pacers,NBA,$3,500500,0
D.J. Augustin,salaries,2013-14,Toronto Raptors,NBA,$1,267267,0
D.J. Augustin,salaries,2014-15,Oklahoma City Thunder,NBA,$3,0,0
Name,Table,Season,Team,Lg,Salary,,
James Augustine,salaries,2006-07,Orlando Magic,NBA,$412718,,
James Augustine,salaries,2007-08,Orlando Magic,NBA,$687456,,
Name,Table,Season,Team,Lg,Salary,,
Isaac Austin,salaries,1991-92,Utah Jazz,NBA,$130000,,
Isaac Austin,salaries,1992-93,Utah Jazz,NBA,$400000,,
Isaac Austin,salaries,1993-94,Utah Jazz,NBA,$450000,,
Isaac Austin,salaries,1996-97,Miami Heat,NBA,$247500,,
Isaac Austin,salaries,1997-98,Miami Heat,NBA,$384000,,
Isaac Austin,salaries,1998-99,Orlando Magic,NBA,$5,0,0
Isaac Austin,salaries,1999-00,Washington Wizards,NBA,$4,819819,451
Isaac Austin,salaries,2000-01,Vancouver Grizzlies,NBA,$5,500500,0
Isaac Austin,salaries,2001-02,Memphis Grizzlies,NBA,$5,695695,715
Name,Table,Season,Team,Lg,Salary,,
Anthony Avent,salaries,1992-93,Milwaukee Bucks,NBA,$500000,,
Anthony Avent,salaries,1993-94,Orlando Magic,NBA,$650000,,
Anthony Avent,salaries,1994-95,Orlando Magic,NBA,$800000,,
Anthony Avent,salaries,1995-96,Vancouver Grizzlies,NBA,$950000,,
Anthony Avent,salaries,1999-00,Los Angeles Clippers,NBA,$510000,,
Name,Table,Season,Team,Lg,Salary,,
William Avery,salaries,1999-00,Minnesota Timberwolves,NBA,$1,196196,520
William Avery,salaries,2000-01,Minnesota Timberwolves,NBA,$1,286286,160
William Avery,salaries,2001-02,Minnesota Timberwolves,NBA,$1,375375,920
Name,Table,Season,Team,Lg,Salary,,
Gustavo Ayon,salaries,2011-12,New Orleans Hornets,NBA,$1,567567,500
Gustavo Ayon,salaries,2012-13,Milwaukee Bucks,NBA,$1,500500,0
Gustavo Ayon,salaries,2013-14,Atlanta Hawks,NBA,$1,500500,0
Name,Table,Season,Team,Lg,Salary,,
Jeff Ayres,salaries,2009-10,Portland Trail Blazers,NBA,$457588,,
Jeff Ayres,salaries,2011-12,Indiana Pacers,NBA,$1,500500,0
Jeff Ayres,salaries,2012-13,Indiana Pacers,NBA,$1,500500,0
Jeff Ayres,salaries,2013-14,San Antonio Spurs,NBA,$1,750750,0
Jeff Ayres,salaries,2014-15,San Antonio Spurs,NBA,$1,828828,750
Name,Table,Season,Team,Lg,Salary,,
Kelenna Azubuike,salaries,2006-07,Golden State Warriors,NBA,$251657,,
Kelenna Azubuike,salaries,2006-07,Houston Rockets,NBA,$50000,,
Kelenna Azubuike,salaries,2007-08,Golden State Warriors,NBA,$687456,,
Kelenna Azubuike,salaries,2008-09,Golden State Warriors,NBA,$2,900900,0
Kelenna Azubuike,salaries,2009-10,Golden State Warriors,NBA,$3,132132,0
Kelenna Azubuike,salaries,2010-11,New York Knicks,NBA,$3,300300,0
Kelenna Azubuike,salaries,2012-13,Cleveland Cavaliers,NBA,$885120,,
Name,Table,Season,Team,Lg,Salary,,
Chris Babb,salaries,2014-15,Boston Celtics,NBA,$48028,,
Name,Table,Season,Team,Lg,Salary,,
Luke Babbitt,salaries,2010-11,Portland Trail Blazers,NBA,$1,645645,440
Luke Babbitt,salaries,2011-12,Portland Trail Blazers,NBA,$1,768768,800
Luke Babbitt,salaries,2012-13,Portland Trail Blazers,NBA,$1,892892,280
Luke Babbitt,salaries,2014-15,New Orleans Pelicans,NBA,$981084,,
Name,Table,Season,Team,Lg,Salary,,
Milos Babic,salaries,1990-91,Cleveland Cavaliers,NBA,$200000,,
Name,Table,Season,Team,Lg,Salary,,
Dalibor Bagaric,salaries,2000-01,Chicago Bulls,NBA,$795000,,
Dalibor Bagaric,salaries,2001-02,Chicago Bulls,NBA,$854640,,
Dalibor Bagaric,salaries,2002-03,Chicago Bulls,NBA,$830947,,
Dalibor Bagaric,salaries,2003-04,Chicago Bulls,NBA,$1,599599,76
Name,Table,Season,Team,Lg,Salary,,
John Bagley,salaries,1985-86,Cleveland Cavaliers,NBA,$300000,,
John Bagley,salaries,1987-88,New Jersey Nets,NBA,$475000,,
John Bagley,salaries,1988-89,New Jersey Nets,NBA,$500000,,
John Bagley,salaries,1990-91,Boston Celtics,NBA,$550000,,
John Bagley,salaries,1991-92,Boston Celtics,NBA,$550000,,
John Bagley,salaries,1992-93,Boston Celtics,NBA,$550000,,
John Bagley,salaries,1993-94,Boston Celtics,NBA,$600000,,
Name,Table,Season,Team,Lg,Salary,,
James Bailey,salaries,1985-86,New York Knicks,NBA,$500000,,
James Bailey,salaries,1987-88,Phoenix Suns,NBA,$300000,,
Name,Table,Season,Team,Lg,Salary,,
Thurl Bailey,salaries,1985-86,Utah Jazz,NBA,$260000,,
Thurl Bailey,salaries,1987-88,Utah Jazz,NBA,$549000,,
Thurl Bailey,salaries,1988-89,Utah Jazz,NBA,$600000,,
Thurl Bailey,salaries,1990-91,Utah Jazz,NBA,$1,0,0
Thurl Bailey,salaries,1991-92,Minnesota Timberwolves,NBA,$1,0,0
Thurl Bailey,salaries,1992-93,Minnesota Timberwolves,NBA,$1,0,0
Thurl Bailey,salaries,1993-94,Minnesota Timberwolves,NBA,$1,0,0
Thurl Bailey,salaries,1998-99,Utah Jazz,NBA,$850000,,
Thurl Bailey,salaries,1999-00,Utah Jazz,NBA,$510000,,
Name,Table,Season,Team,Lg,Salary,,
Toby Bailey,salaries,1998-99,Phoenix Suns,NBA,$287500,,
Toby Bailey,salaries,1999-00,Phoenix Suns,NBA,$535000,,
Name,Table,Season,Team,Lg,Salary,,
Cameron Bairstow,salaries,2014-15,Chicago Bulls,NBA,$507336,,
Name,Table,Season,Team,Lg,Salary,,
Vin Baker,salaries,1993-94,Milwaukee Bucks,NBA,$866000,,
Vin Baker,salaries,1994-95,Milwaukee Bucks,NBA,$1,65065,300
Vin Baker,salaries,1995-96,Milwaukee Bucks,NBA,$3,765765,0
Vin Baker,salaries,1996-97,Milwaukee Bucks,NBA,$3,765765,0
Vin Baker,salaries,1997-98,Seattle SuperSonics,NBA,$4,64064,373
Vin Baker,salaries,1998-99,Seattle SuperSonics,NBA,$4,264264,0
Vin Baker,salaries,1999-00,Seattle SuperSonics,NBA,$9,0,0
Vin Baker,salaries,2000-01,Seattle SuperSonics,NBA,$10,130130,0
Vin Baker,salaries,2001-02,Seattle SuperSonics,NBA,$11,250250,0
Vin Baker,salaries,2002-03,Boston Celtics,NBA,$12,375375,0
Vin Baker,salaries,2003-04,Boston Celtics,NBA,$13,500500,0
Vin Baker,salaries,2004-05,Boston Celtics,NBA,$5,333333,333
Vin Baker,salaries,2004-05,New York Knicks,NBA,$3,500500,0
Vin Baker,salaries,2005-06,Boston Celtics,NBA,$5,333333,333
Vin Baker,salaries,2005-06,Houston Rockets,NBA,$3,850850,0
Vin Baker,salaries,2006-07,Boston Celtics,NBA,$5,243243,334
Vin Baker,salaries,2006-07,Minnesota Timberwolves,NBA,$86221,,
Name,Table,Season,Team,Lg,Salary,,
Renaldo Balkman,salaries,2006-07,New York Knicks,NBA,$1,191191,240
Renaldo Balkman,salaries,2007-08,New York Knicks,NBA,$1,280280,640
Renaldo Balkman,salaries,2008-09,Denver Nuggets,NBA,$1,369369,920
Renaldo Balkman,salaries,2009-10,Denver Nuggets,NBA,$2,112112,417
Renaldo Balkman,salaries,2010-11,New York Knicks,NBA,$1,675675,0
Renaldo Balkman,salaries,2011-12,New York Knicks,NBA,$1,675675,0
Renaldo Balkman,salaries,2012-13,New York Knicks,NBA,$1,675675,0
Name,Table,Season,Team,Lg,Salary,,
Greg Ballard,salaries,1985-86,Golden State Warriors,NBA,$520833,,
Name,Table,Season,Team,Lg,Salary,,
Gene Banks,salaries,1985-86,Chicago Bulls,NBA,$225000,,
Name,Table,Season,Team,Lg,Salary,,
Marcus Banks,salaries,2003-04,Boston Celtics,NBA,$1,499499,400
Marcus Banks,salaries,2004-05,Boston Celtics,NBA,$1,611611,840
Marcus Banks,salaries,2005-06,Boston Celtics,NBA,$1,724724,280
Marcus Banks,salaries,2006-07,Phoenix Suns,NBA,$3,672672,414
Marcus Banks,salaries,2007-08,Miami Heat,NBA,$3,966966,207
Marcus Banks,salaries,2008-09,Toronto Raptors,NBA,$4,260260,0
Marcus Banks,salaries,2009-10,Toronto Raptors,NBA,$4,553553,793
Marcus Banks,salaries,2010-11,New Orleans Hornets,NBA,$4,847847,586
Name,Table,Season,Team,Lg,Salary,,
Ken Bannister,salaries,1985-86,New York Knicks,NBA,$105000,,
Ken Bannister,salaries,1990-91,Los Angeles Clippers,NBA,$400000,,
Ken Bannister,salaries,1990-91,Utah Jazz,NBA,$50000,,
Ken Bannister,salaries,1991-92,Los Angeles Clippers,NBA,$300000,,
Name,Table,Season,Team,Lg,Salary,,
Leandro Barbosa,salaries,2003-04,Phoenix Suns,NBA,$809280,,
Leandro Barbosa,salaries,2004-05,Phoenix Suns,NBA,$870000,,
Leandro Barbosa,salaries,2005-06,Phoenix Suns,NBA,$930600,,
Leandro Barbosa,salaries,2006-07,Phoenix Suns,NBA,$1,679679,733
Leandro Barbosa,salaries,2007-08,Phoenix Suns,NBA,$5,600600,0
Leandro Barbosa,salaries,2008-09,Phoenix Suns,NBA,$6,100100,0
Leandro Barbosa,salaries,2009-10,Phoenix Suns,NBA,$6,600600,0
Leandro Barbosa,salaries,2010-11,Toronto Raptors,NBA,$7,100100,0
Leandro Barbosa,salaries,2011-12,Toronto Raptors,NBA,$7,600600,0
Leandro Barbosa,salaries,2012-13,Washington Wizards,NBA,$1,229229,255
Leandro Barbosa,salaries,2014-15,Golden State Warriors,NBA,$1,448448,490
Name,Table,Season,Team,Lg,Salary,,
Steve Bardo,salaries,1992-93,Dallas Mavericks,NBA,$150000,,
Steve Bardo,salaries,1995-96,Detroit Pistons,NBA,$225000,,
Name,Table,Season,Team,Lg,Salary,,
J.J. Barea,salaries,2006-07,Dallas Mavericks,NBA,$412718,,
J.J. Barea,salaries,2007-08,Dallas Mavericks,NBA,$687456,,
J.J. Barea,salaries,2008-09,Dallas Mavericks,NBA,$1,500500,0
J.J. Barea,salaries,2009-10,Dallas Mavericks,NBA,$1,657657,500
J.J. Barea,salaries,2010-11,Dallas Mavericks,NBA,$1,815815,0
J.J. Barea,salaries,2011-12,Minnesota Timberwolves,NBA,$4,300300,0
J.J. Barea,salaries,2012-13,Minnesota Timberwolves,NBA,$4,493493,500
J.J. Barea,salaries,2013-14,Minnesota Timberwolves,NBA,$4,687687,0
J.J. Barea,salaries,2014-15,Dallas Mavericks,NBA,$1,310310,286
Name,Table,Season,Team,Lg,Salary,,
Andrea Bargnani,salaries,2006-07,Toronto Raptors,NBA,$4,501501,200
Andrea Bargnani,salaries,2007-08,Toronto Raptors,NBA,$4,838838,880
Andrea Bargnani,salaries,2008-09,Toronto Raptors,NBA,$5,176176,440
Andrea Bargnani,salaries,2009-10,Toronto Raptors,NBA,$6,527527,491
Andrea Bargnani,salaries,2010-11,Toronto Raptors,NBA,$8,500500,0
Andrea Bargnani,salaries,2011-12,Toronto Raptors,NBA,$9,250250,0
Andrea Bargnani,salaries,2012-13,Toronto Raptors,NBA,$10,0,0
Andrea Bargnani,salaries,2013-14,New York Knicks,NBA,$11,862862,500
Andrea Bargnani,salaries,2014-15,New York Knicks,NBA,$11,500500,0
Name,Table,Season,Team,Lg,Salary,,
Charles Barkley,salaries,1985-86,Philadelphia 76ers,NBA,$437500,,
Charles Barkley,salaries,1987-88,Philadelphia 76ers,NBA,$822500,,
Charles Barkley,salaries,1988-89,Philadelphia 76ers,NBA,$1,536536,0
Charles Barkley,salaries,1990-91,Philadelphia 76ers,NBA,$2,900900,0
Charles Barkley,salaries,1991-92,Philadelphia 76ers,NBA,$3,200200,0
Charles Barkley,salaries,1992-93,Phoenix Suns,NBA,$2,420420,0
Charles Barkley,salaries,1993-94,Phoenix Suns,NBA,$3,250250,0
Charles Barkley,salaries,1994-95,Phoenix Suns,NBA,$4,30030,0
Charles Barkley,salaries,1995-96,Phoenix Suns,NBA,$4,760760,0
Charles Barkley,salaries,1996-97,Houston Rockets,NBA,$4,695695,0
Charles Barkley,salaries,1997-98,Houston Rockets,NBA,$2,250250,0
Charles Barkley,salaries,1998-99,Houston Rockets,NBA,$1,0,0
Charles Barkley,salaries,1999-00,Houston Rockets,NBA,$9,0,0
Name,Table,Season,Team,Lg,Salary,,
Erick Barkley,salaries,2000-01,Portland Trail Blazers,NBA,$712200,,
Erick Barkley,salaries,2001-02,Portland Trail Blazers,NBA,$638000,,
Erick Barkley,salaries,2002-03,Chicago Bulls,NBA,$682500,,
Name,Table,Season,Team,Lg,Salary,,
Harrison Barnes,salaries,2012-13,Golden State Warriors,NBA,$2,798798,40
Harrison Barnes,salaries,2013-14,Golden State Warriors,NBA,$2,923923,920
Harrison Barnes,salaries,2014-15,Golden State Warriors,NBA,$3,49049,920
Name,Table,Season,Team,Lg,Salary,,
Matt Barnes,salaries,2004-05,Sacramento Kings,NBA,$695046,,
Matt Barnes,salaries,2005-06,Philadelphia 76ers,NBA,$552269,,
Matt Barnes,salaries,2005-06,New York Knicks,NBA,$131593,,
Matt Barnes,salaries,2006-07,Golden State Warriors,NBA,$771331,,
Matt Barnes,salaries,2007-08,Golden State Warriors,NBA,$3,0,0
Matt Barnes,salaries,2008-09,Phoenix Suns,NBA,$926678,,
Matt Barnes,salaries,2009-10,Orlando Magic,NBA,$1,600600,0
Matt Barnes,salaries,2010-11,Los Angeles Lakers,NBA,$1,765765,0
Matt Barnes,salaries,2011-12,Los Angeles Lakers,NBA,$1,906906,200
Matt Barnes,salaries,2012-13,Los Angeles Clippers,NBA,$1,229229,255
Matt Barnes,salaries,2013-14,Los Angeles Clippers,NBA,$3,250250,0
Matt Barnes,salaries,2014-15,Los Angeles Clippers,NBA,$3,396396,250
Name,Table,Season,Team,Lg,Salary,,
Andre Barrett,salaries,2004-05,Houston Rockets,NBA,$385277,,
Andre Barrett,salaries,2006-07,Chicago Bulls,NBA,$744551,,
Name,Table,Season,Team,Lg,Salary,,
Earl Barron,salaries,2005-06,Miami Heat,NBA,$398762,,
Earl Barron,salaries,2006-07,Miami Heat,NBA,$744551,,
Earl Barron,salaries,2007-08,Miami Heat,NBA,$973328,,
Earl Barron,salaries,2010-11,Phoenix Suns,NBA,$188558,,
Earl Barron,salaries,2011-12,Golden State Warriors,NBA,$185588,,
Earl Barron,salaries,2012-13,Washington Wizards,NBA,$358600,,
Earl Barron,salaries,2014-15,Phoenix Suns,NBA,$107676,,
Name,Table,Season,Team,Lg,Salary,,
Dana Barros,salaries,1990-91,Seattle SuperSonics,NBA,$500000,,
Dana Barros,salaries,1991-92,Seattle SuperSonics,NBA,$500000,,
Dana Barros,salaries,1992-93,Seattle SuperSonics,NBA,$500000,,
Dana Barros,salaries,1993-94,Philadelphia 76ers,NBA,$750000,,
Dana Barros,salaries,1994-95,Philadelphia 76ers,NBA,$937500,,
Dana Barros,salaries,1995-96,Boston Celtics,NBA,$3,300300,0
Dana Barros,salaries,1996-97,Boston Celtics,NBA,$3,400400,0
Dana Barros,salaries,1997-98,Boston Celtics,NBA,$3,400400,0
Dana Barros,salaries,1998-99,Boston Celtics,NBA,$3,500500,0
Dana Barros,salaries,1999-00,Boston Celtics,NBA,$3,500500,0
Dana Barros,salaries,2000-01,Detroit Pistons,NBA,$3,700700,0
Dana Barros,salaries,2001-02,Detroit Pistons,NBA,$1,600600,0
Name,Table,Season,Team,Lg,Salary,,
Brent Barry,salaries,1995-96,Los Angeles Clippers,NBA,$833000,,
Brent Barry,salaries,1996-97,Los Angeles Clippers,NBA,$958000,,
Brent Barry,salaries,1997-98,Los Angeles Clippers,NBA,$1,82082,520
Brent Barry,salaries,1998-99,Chicago Bulls,NBA,$3,600600,0
Brent Barry,salaries,1999-00,Seattle SuperSonics,NBA,$3,960960,0
Brent Barry,salaries,2000-01,Seattle SuperSonics,NBA,$4,320320,0
Brent Barry,salaries,2001-02,Seattle SuperSonics,NBA,$4,680680,0
Brent Barry,salaries,2002-03,Seattle SuperSonics,NBA,$5,40040,0
Brent Barry,salaries,2003-04,Seattle SuperSonics,NBA,$5,400400,0
Brent Barry,salaries,2004-05,San Antonio Spurs,NBA,$4,264264,900
Brent Barry,salaries,2005-06,San Antonio Spurs,NBA,$4,691691,390
Brent Barry,salaries,2006-07,San Antonio Spurs,NBA,$5,117117,880
Brent Barry,salaries,2007-08,Seattle SuperSonics,NBA,$5,544544,370
Brent Barry,salaries,2008-09,Houston Rockets,NBA,$1,910910,0
Brent Barry,salaries,2009-10,Houston Rockets,NBA,$2,62062,800
Name,Table,Season,Team,Lg,Salary,,
Drew Barry,salaries,1998-99,Seattle SuperSonics,NBA,$350000,,
Drew Barry,salaries,1999-00,Golden State Warriors,NBA,$62765,,
Name,Table,Season,Team,Lg,Salary,,
Jon Barry,salaries,1992-93,Milwaukee Bucks,NBA,$500000,,
Jon Barry,salaries,1993-94,Milwaukee Bucks,NBA,$650000,,
Jon Barry,salaries,1994-95,Milwaukee Bucks,NBA,$800000,,
Jon Barry,salaries,1995-96,Golden State Warriors,NBA,$275000,,
Jon Barry,salaries,1996-97,Atlanta Hawks,NBA,$247500,,
Jon Barry,salaries,1997-98,Los Angeles Lakers,NBA,$272500,,
Jon Barry,salaries,1998-99,Sacramento Kings,NBA,$600000,,
Jon Barry,salaries,1999-00,Sacramento Kings,NBA,$800000,,
Jon Barry,salaries,2000-01,Sacramento Kings,NBA,$2,730730,0
Jon Barry,salaries,2001-02,Detroit Pistons,NBA,$3,175175,0
Jon Barry,salaries,2002-03,Detroit Pistons,NBA,$3,175175,0
Jon Barry,salaries,2003-04,Denver Nuggets,NBA,$3,0,0
Jon Barry,salaries,2004-05,Atlanta Hawks,NBA,$1,800800,0
Jon Barry,salaries,2005-06,Houston Rockets,NBA,$1,800800,0
Name,Table,Season,Team,Lg,Salary,,
Will Barton,salaries,2012-13,Portland Trail Blazers,NBA,$550000,,
Will Barton,salaries,2013-14,Portland Trail Blazers,NBA,$788872,,
Will Barton,salaries,2014-15,Denver Nuggets,NBA,$915243,,
Name,Table,Season,Team,Lg,Salary,,
Eddie Basden,salaries,2005-06,Chicago Bulls,NBA,$398762,,
Name,Table,Season,Team,Lg,Salary,,
Brandon Bass,salaries,2005-06,New Orleans/Oklahoma City Hornets,NBA,$398762,,
Brandon Bass,salaries,2006-07,New Orleans/Oklahoma City Hornets,NBA,$664209,,
Brandon Bass,salaries,2007-08,Dallas Mavericks,NBA,$770610,,
Brandon Bass,salaries,2008-09,Dallas Mavericks,NBA,$826269,,
Brandon Bass,salaries,2009-10,Orlando Magic,NBA,$4,0,0
Brandon Bass,salaries,2010-11,Orlando Magic,NBA,$4,0,0
Brandon Bass,salaries,2011-12,Boston Celtics,NBA,$4,250250,0
Brandon Bass,salaries,2012-13,Boston Celtics,NBA,$6,0,0
B,,,,,,,